Model,Asset Tag,Serial,Computer Name [Ike],Computer Name [IRL]
HP 6300 Desktop,00-6692,2UA32923YC,NEWADVISING,PFUHST
HP 6300 Desktop,00-6695,2UA32923Z3,JTAYLOR,JTAYLOR
HP 6300 Desktop,00-6696,2UA32923Z8,CEUBANK,RJENKINS
HP 6300 Desktop,00-6700,2UA32923Z0,MHARDMAN,MHARDMAN
HP 6300 Desktop,00-6703,2UA32923Y7,PTSS-STUD-2,PTSS-STUD-2
HP 6300 Desktop,00-6704,2UA32923Y6,KSIEGFRIED,KSIEGFRIED
HP 6300 Desktop,00-6707,2UA32923XQ,JMOSS,SYOUNGBLOOD
HP 6300 Desktop,00-6708,2UA329240T,PBENNETT,PBENNETT
HP 6300 Desktop,00-6711,2UA32923Z7,CCASEY,CCASEY
HP 6300 Desktop,00-6712,2UA329240D,NFILES,SSCOVILL
HP 6300 Desktop,00-6715,2UA32923YW,ITS-210,CLUNDIN
HP 6300 Desktop,00-6716,2UA32923XX,KPARKER,15-136-ADJ3
HP 6300 Desktop,00-6719,2UA329240M,LRIDE,LRIDEN
HP 6300 Desktop,00-6734,2UA3292411,VMBROWN,VL-207-MBROWN
HP 6300 Desktop,00-6735,2UA32923XU,VTTRAVIS,No Entry Found
HP 6300 Desktop,00-6736,2UA32923XS,VSBUFFO,VM225-ADJ
HP 6300 Desktop,00-6737,2UA329240V,VSJOHNSON,VSJOHNSON
HP 6300 Desktop,00-6738,2UA329240J,VTLUFFMAN,VTLUFFMAN
HP 6300 Desktop,00-6739,2UA32923XY,VTPRATT,VTPRATT
HP 6300 Desktop,00-6740,2UA329240K,PBARTELS,MFREDERICK
HP 6300 Desktop,00-6741,2UA329240S,LRC-TRACK,ALEWIS
HP 6300 Desktop,00-6742,2UA32923XR,MFREDERICKS,FBECK
HP 6300 Desktop,00-6743,2UA329240H,CERAMICS,15-136-ADJ4
HP 6300 Desktop,00-6746,2UA32923XZ,32-FRONTDESK,TONEILL
HP 6300 Desktop,00-6747,2UA3292415,MTHOMAS,MTHOMAS
HP 6300 Desktop,00-6749,2UA329240F,LRC-FRONTDESK,LRC-FRONTDESK
HP 6300 Desktop,00-6750,2UA32923XP,LRC-SWITCH,LRC-SWITCH
Optiplex 9010,00-6754,DPN1BY1,CR-04-115,No Entry Found
Optiplex 9010,00-6757,2K4R9Y1,SALDRICH-CTEC,CTEC-ITS
Optiplex 9020 AIO,00-7006,30HMCY1,CTEC ATC,ATC-CONTROL-07
Optiplex 9020 AIO,00-7007,30HKCY1,CTEC ATC,ATC-CONTROL-08
Optiplex 9020 AIO,00-7008,30HLCY1,CTEC ATC,ATC-CONTROL-09
HP 6300 Desktop,00-7015,2UA329240B,VL-206-STAFF,VL-206-STAFF
HP 6300 Desktop,00-7016,2UA32923XT,VSALVARADO,VSALVARADO
HP 6300 Desktop,00-7017,2UA329240R,VL-207-STAFF,VL-207-STAFF
HP 6300 Desktop,00-7018,2UA329240C,VI-139B-STAFF,VI-139B-STAFF
HP 6300 Desktop,00-7019,2UA3292412,VKJESSOP,VJRITTER
HP 6300 Desktop,00-7020,2UA329240Y,COMMONS-OFFICE,COMMONS-OFFICE
HP 6300 Desktop,00-7021,2UA329232Q,VTCARRILLO,No Entry Found
HP 6300 Desktop,00-7022,2UA3292407,3-117-ADJ,4-233A-ADJ-2
HP 6300 Desktop,00-7024,2UA329240N,GALLERY,GALLERY
HP 6300 Desktop,00-7026,2UA3292410,BFABIAN,PV-AGRAHLMANN
HP 6300 Desktop,00-7027,2UA32923YB,PV-ADJUNCT3,PV-TESTING-02
HP 6300 Desktop,00-7028,2UA329240Z,SHAYES,ASnodgras
HP 6300 Desktop,00-7029,2UA3292414,ESAVOINI,ESAVOINI
HP 6300 Desktop,00-7030,2UA3292413,B2-201-STAFF,B02R201-INST
HP 6300 Desktop,00-7043,2UA32923Y0,SWILTCHER,CT-SWILTCHER
HP 6300 Desktop,00-7045,2UA32923ZV,Narta-ADJ-03 40-112,NARTA-ADJ-03
HP 6300 Desktop,00-7046,2UA32923Z5,32-102A,EHARP
HP 6300 Desktop,00-7047,2UA32923ZD,2-137-ADJ-2,2-137-ADJ-2
HP 6300 Desktop,00-7048,2UA32923YR,PV-IDCARD,CV-ACCUPLACER
HP 6300 Desktop,00-7049,2UA32923ZH,KHASKEL,PV-TESTING-04
HP 6300 Desktop,00-7050,2UA32923YK,LIB-GUESTPRINT,LIB-GUESTPRINT
HP 6300 Desktop,00-7051,2UA32923YZ,2-137-ADJ-1,JCAMPBELL
HP 6300 Desktop,00-7052,2UA32923YN,APICARD,APICARD
HP 6300 Desktop,00-7053,2UA32923ZL,CTEC-Lobby-130,B70R145C-ADJ
HP 6300 Desktop,00-7054,2UA32923Z6,JBRAMBIL,BKITE
HP 6300 Desktop,00-7055,2UA329240W,ITS-STU-02,ITS-STU-02
HP 6300 Desktop,00-7056,2UA32923Z1,JWELCH,JWELCH
HP 6300 Desktop,00-7057,2UA32923Y4,PVREG-STUDENT,15-138-ADJ
HP 6300 Desktop,00-7058,2UA32923ZJ,CTRAP (purchasing),MGOLDBERG
HP 6300 Desktop,00-7059,2UA32923ZF,EBRODERICK,B04R233A-ADJ01
HP 6300 Desktop,00-7060,2UA32923ZB,PV-ADJUNCT1,PV-ADJUNCT1
HP 6300 Desktop,00-7061,2UA32923ZP,JBUCKLE,JBUCKLE
HP 6300 Desktop,00-7062,2UA32923YJ,INFOPORTAL-STU,LIB-ARCHIVES
HP 6300 Desktop,00-7063,2UA32923ZS,2-201-ADJ,2-201-ADJ
HP 6300 Desktop,00-7064,2UA32923YD,CLUNDIN-NEW,KHAYNES
HP 6300 Desktop,00-7065,2UA32923ZK,Back Room,DISTRIBUTION
HP 6300 Desktop,00-7066,2UA32923YF,Back Room,AGARBAGNATI
HP 6300 Desktop,00-7067,2UA32923ZC,IV-LAB-1,PTOMITZ
HP 6300 Desktop,00-7068,2UA32923YS,IV-LAB-2,HR-FRONTDESK
HP 6300 Desktop,00-7069,2UA32923Z2,AANNIBALE,SDOLLARHIDE
HP 6300 Desktop,00-7070,2UA32923Y1,Back Room,VRSCOTT
HP 6300 Desktop,00-7071,2UA32923XW,Back Room,PLANG
HP 6300 Desktop,00-7072,2UA32923YT,Back Room,VLMCINTYRE
HP 6300 Desktop,00-7073,2UA32923Y8,Back Room,VF-112C-STAFF
HP 6300 Desktop,00-7074,2UA32923Y2,Back Room,VASWAVEE
Optiplex 9010,00-7075,1942CY1,Back Room,SMENEI
HP 6300 Desktop,00-7084,2UA32923YM,Back Room,DEASTMAN
HP 6300 Desktop,00-7085,2UA3292404,Back Room,poppenheim
HP 6300 Desktop,00-7086,2UA3292406,Back Room,B01R207D-STUDY
HP 6300 Desktop,00-7087,2UA3292401,Back Room,No Entry Found
HP 6300 Desktop,00-7088,2UA3292409,Back Room,SDOYLE
HP 6300 Desktop,00-7089,2UA32923YY,Back Room,WMILNER
HP 6300 Desktop,00-7090,2UA3292405,Back Room,ELINK
HP 6300 Desktop,00-7091,2UA32923YX,Back Room,YCPAC-Switcher
HP 6300 Desktop,00-7092,2UA32923YV,Back Room,TSCHMID
HP 6300 Desktop,00-7093,2UA32923YL,Back Room,RBOUWHUIS
HP 6300 Desktop,00-7094,2UA32923Y5,Back Room,No Entry Found
HP 6300 Desktop,00-7096,2UA32923ZR,Back Room,WEIGHTROOM
HP 6300 Desktop,00-7097,2UA32923YQ,Back Room,LVODIKA
HP 6300 Desktop,00-7098,2UA3292402,Back Room,ABE-STAFF
HP 6300 Desktop,00-7099,2UA32923Y3,Back Room,PKIRCH
HP 6300 Desktop,00-7101,2UA329240G,Back Room,No Entry Found
HP 6300 Desktop,00-7102,2UA3292408,Back Room,LDERK
HP 6300 Desktop,00-7103,2UA3292400,Back Room,CSMITH
HP 6300 Desktop,00-7104,2UA329240B,Back Room,VL-206-STAFF
HP 6300 Desktop,00-7105,2UA329240P,Back Room,MDELORME
HP 6300 Desktop,00-7106,2UA32923Y6,Back Room,KSIEGFRIED
HP 6300 Desktop,00-7107,2UA32923Z4,Back Room,AHUST
HP 6300 Desktop,00-7108,2UA32923ZT,Back Room,JCROCKETT
HP 6300 Desktop,00-7109,2UA32923ZZ,Back Room,CRALSTON
HP 6300 Desktop,00-7110,2UA32923ZY,Back Room,15-136-ADJ2
HP 6300 Desktop,00-7111,2UA32923ZN,Back Room,MTALOSI
HP 6300 Desktop,00-7112,2UA32923ZG,Back Room,SHOLTER
HP 6300 Desktop,00-7113,2UA32923Z9,Back Room,RTHIEME
HP 6300 Desktop,00-7114,2UA32923ZM,Back Room,ARIZZIERI
HP 6300 Desktop,00-7115,2UA32923ZW,Back Room,VG104-INST
Optiplex 9020,00-7116,DFX1J02,ITS-500-PC,K-test02
ProDesk 600 G1 SFF,00-7148,2UA4091YLN,VABURROUGHS,VABURROUGHS
ProDesk 600 G1 SFF,00-7149,2UA4091YMC,VTSCHWICKERATH,VTSCHWICKERATH
ProDesk 600 G1 SFF,00-7151,2UA4091YM0,AFEINBERG,MRUDDELL
ProDesk 600 G1 SFF,00-7152,2UA4091YMK,CTEC-ADVISING,CTEC-ADVISING
ProDesk 600 G1 SFF,00-7153,2UA4091YMH,Skallam 40-140,TSCHENCK
ProDesk 600 G1 SFF,00-7154,2UA4091YLQ,B31-LAWN-DEPT,B31-LAWN-DEPT
ProDesk 600 G1 SFF,00-7155,2UA4091YMF,VGHAMMOND,VGHAMMOND
ProDesk 600 G1 SFF,00-7156,2UA4091YM1,LIB-ARCHIVES,LIB-STUDENT
ProDesk 600 G1 SFF,00-7157,2UA4091YM2,VFSNACKBAR,VFSNACKBAR
ProDesk 600 G1 SFF,00-7158,2UA4091YLY,V-OLLISTAFF-02,V-OLLISTAFF-02
ProDesk 600 G1 SFF,00-7159,2UA4091YMD,GIFT-2,S-19-STAFF-02
ProDesk 600 G1 SFF,00-7160,2UA4091YLP,VJALVAREZ,VMJACOBSON
ProDesk 600 G1 SFF,00-7161,2UA4091YLX,Not Deployed,PV40-110
ProDesk 600 G1 SFF,00-7162,2UA4091YLM,CR-4-217,CR-4-217
ProDesk 600 G1 SFF,00-7163,2UA4091YM5,6-103K,KPORTER
ProDesk 600 G1 SFF,00-7164,2UA4091YM8,Backroom,ITS-007164
ProDesk 600 G1 sff,00-7165,2UA4091YM3,VJWHITESITT,VJWHITESITT
ProDesk 600 G1 sff,00-7166,2UA4091YLZ,VTHUDDNELL,VTHUDDNELL
ProDesk 600 G1 sff,00-7167,2UA4091YM9,VFTC-STAFF-01,VFTC-STAFF-01
ProDesk 600 G1 sff,00-7168,2UA4091YMG,SJENNIGE,30-108-STAFF
ProDesk 600 G1 sff,00-7169,2UA4091YMJ,LIB-REF-02,LIB-REF02
ProDesk 600 G1 sff,00-7170,2UA4091YLV,MSULLINS,JMcCormack
ProDesk 600 G1 sff,00-7171,2UA4091YLS,B30-HR-KIOSK,B30-HR-KIOSK
ProDesk 600 G1 sff,00-7173,2UA4091YM7,JGALGANO,JGALGANO
ProDesk 600 G1 sff,00-7174,2UA4091YLR,13-102,13-102
ProDesk 600 G1 SFF,00-7176,2UA4091YM6,BBAZEVAGE,BBAZEVAGE
